epoch,error
1,31.61063439996932
2,13.48669101227048
3,11.483903514988656
4,11.210672412878278
5,11.151313773058783
6,11.131587041411171
7,11.123726514596722
8,11.120266875791602
9,11.118468076014988
10,11.1172589646651
11,11.116236762047114
12,11.115265590829372
13,11.114311048603033
14,11.113373510762717
15,11.112462418022279
16,11.111587193280489
17,11.11075465884171
18,11.109968819678922
19,11.109231375156812
20,11.108542347107294
